ID,大項目,中項目,小項目,詳細,観点（★）,カウント対象（★）,補足
Valid -1,バリデーション,単項目バリデーション,必須バリデーション,必須項目,必須項目が未入力の場合、エラーとなること。,必須項目数,
Valid -2,バリデーション,単項目バリデーション,,任意項目,必須項目が入力され、任意項目が未入力の場合、エラーとならないこと。,任意項目数,
Valid -3,バリデーション,単項目バリデーション,文字列長バリデーション,-,文字列項目に最大長が入力された場合、エラーとならないこと。,文字列項目数,・記号文字を含むパターンも検証する。
Valid -4,バリデーション,単項目バリデーション,文字列長バリデーション,-,文字列項目に最大長＋1が入力された場合、エラーとなること。,文字列項目数,
Valid -5,バリデーション,単項目バリデーション,文字列長バリデーション,-,文字列項目に最小長が入力された場合、エラーとならないこと。,文字列項目数,
Valid -6,バリデーション,単項目バリデーション,文字列長バリデーション,-,文字列項目に最小長－1が入力された場合、エラーとなること。,文字列項目数,
Valid -7,バリデーション,単項目バリデーション,文字列長バリデーション,-,サロゲートペア文字を許容する設計となっている場合、サロゲートペア文字を含んだ値が入力された結果がエラーとならないこと。,文字列項目数,
Valid -8,バリデーション,単項目バリデーション,文字列長バリデーション,-,特殊文字（結合文字や合字など）を許容する設計となっている場合、文字列長が適切に判定されること。,文字列項目数,・異体字セレクタやZWJで結合された絵文字など
Valid -9,バリデーション,単項目バリデーション,数値バリデーション,桁数,数値項目の整数部に最大桁、小数部に最大桁が入力された場合、エラーとならないこと。,数値項目数,
Valid -10,バリデーション,単項目バリデーション,数値バリデーション,桁数,数値項目の整数部に最大桁＋1、小数部に最大桁が入力された場合、エラーとなること。,数値項目数,
Valid -11,バリデーション,単項目バリデーション,数値バリデーション,桁数,数値項目の整数部に最大桁、小数部に最大桁＋１が入力された場合、エラーとなること。,数値項目数,
Valid -12,バリデーション,単項目バリデーション,数値バリデーション,有効範囲,数値項目に有効範囲の上限値が入力された場合、エラーとならないこと。,数値項目数,
Valid -13,バリデーション,単項目バリデーション,数値バリデーション,有効範囲,数値項目に有効範囲の上限値＋1が入力された場合、エラーとなること。,数値項目数,
Valid -14,バリデーション,単項目バリデーション,数値バリデーション,有効範囲,数値項目に有効範囲の下限値が入力された場合、エラーとならないこと。,数値項目数,
Valid -15,バリデーション,単項目バリデーション,数値バリデーション,有効範囲,数値項目に有効範囲の下限値－1が入力された場合、エラーとなること。,数値項目数,
Valid -16,バリデーション,単項目バリデーション,数値バリデーション,有効範囲,数値項目に数値以外が入力された場合、エラーとなること。,数値項目数,
Valid -17,バリデーション,単項目バリデーション,文字種バリデーション,-,許容対象の文字が入力された場合、エラーとならないこと。,テキスト入力項目数,
Valid -18,バリデーション,単項目バリデーション,文字種バリデーション,-,許容対象外の文字が入力された場合、エラーとなること。,テキスト入力項目数,
Valid -19,バリデーション,単項目バリデーション,その他のバリデーション,コード値,コード値を入力値とする項目について、有効範囲内の値が入力された場合、エラーとならないこと。,コード値項目数,
Valid -20,バリデーション,単項目バリデーション,その他のバリデーション,コード値,コード値を入力値とする項目について、有効範囲外の値が入力された場合、エラーとなること。,コード値項目数,・通常の画面操作では入力できない値（ラジオボタンやプルダウンの値）が入力された場合の挙動も検証する。
Valid -21,バリデーション,単項目バリデーション,その他のバリデーション,日付,日付項目に有効な書式の値が入力された場合、エラーとならないこと。,日付項目数,
Valid -22,バリデーション,単項目バリデーション,その他のバリデーション,日付,日付項目に無効な書式の値が入力された場合、エラーとなること。,日付項目数,
Valid -23,バリデーション,単項目バリデーション,その他のバリデーション,日付,日付項目に実在日が入力された場合、エラーとならないこと。,日付項目数,・業務要件に即した日付、時間の最小単位で処理されることも検証する。
Valid -24,バリデーション,単項目バリデーション,その他のバリデーション,日付,日付項目に実在日以外が入力された場合、エラーとなること。,日付項目数,・例：2017/1/32
Valid -25,バリデーション,単項目バリデーション,その他のバリデーション,メールアドレス,メールアドレス項目に有効な値が入力された場合、エラーとならないこと。,メールアドレス項目数,
Valid -26,バリデーション,単項目バリデーション,その他のバリデーション,メールアドレス,メールアドレス項目に無効な値が入力された場合、エラーとなること。,メールアドレス項目数,
Valid -27,バリデーション,単項目バリデーション,その他のバリデーション,アプリケーション固有のバリデーション,アプリケーション固有のバリデーションがある場合、バリデーションの結果が［システム機能設計書の記載通り］であること。,固有バリデーション数,
Valid -28,バリデーション,相関バリデーション,-,-,特定の条件により必須・任意が変わる項目について、該当項目が必須となっている状態で、値が未入力の場合、エラーとなること。,条件付き項目数,
Valid -29,バリデーション,相関バリデーション,,,特定の条件により必須・任意が変わる項目について、該当項目が任意となっている状態で、値が未入力の場合、エラーとならないこと。,条件付き項目数,
Valid -30,バリデーション,相関バリデーション,,,相関バリデーション対象項目について、有効な値の組み合わせが各項目に入力された場合、エラーとならないこと。,データパターン数,
Valid -31,バリデーション,相関バリデーション,,,相関バリデーション対象項目について、無効な値の組み合わせが各項目に入力された場合、エラーとなること。,データパターン数,
Valid -32,バリデーション,相関バリデーション,DBとの相関バリデーション,-,有効なレコードが存在する場合、エラーとならないこと。,データパターン数,・ここでの「有効なレコード」は、例えば認証（入力されたIDをDBのレコードと照合する）のような機能で、結果が「正」となるレコードを指す。
Valid -33,バリデーション,相関バリデーション,,,有効なレコードが存在しない場合、エラーとなること。,データパターン数,
DB-1,DB操作,共通,検索/更新/削除条件,単一条件,有効な値が条件に指定された場合、期待したレコードが取得、更新、削除されること。,SQL数,
DB-2,DB操作,共通,検索/更新/削除条件,単一条件,無効な値が条件に指定された場合、レコードが取得、更新、削除されないこと。,SQL数,
DB-3,DB操作,共通,検索/更新/削除条件,単一条件,値が条件に指定されなかった場合、［システム機能設計書/共通コンポーネント設計書の記載通りの挙動］となること。,SQL数,
DB-4,DB操作,共通,検索/更新/削除条件,複数条件,有効な値の組み合わせが条件に指定された場合、期待したレコードが取得、更新、削除されること。,データパターン数,
DB-5,DB操作,共通,検索/更新/削除条件,複数条件,無効な値の組み合わせが条件に指定された場合、レコードが取得、更新、削除されないこと。,データパターン数,
DB-6,DB操作,共通,検索/更新/削除条件,複数条件,値が条件に指定されなかった場合、［システム機能設計書/共通コンポーネント設計書の記載通りの挙動］となること。,SQL数,
DB-7,DB操作,共通,検索/更新/削除条件,完全一致,完全一致する値が指定された場合、期待したレコードが取得、更新、削除されること。,SQL数,
DB-8,DB操作,共通,検索/更新/削除条件,完全一致,完全一致しない値が指定された場合、レコードが取得、更新、削除されないこと。,SQL数,
DB-9,DB操作,共通,検索/更新/削除条件,部分一致,前方一致する値が指定された場合、期待したレコードが取得、更新、削除されること。,SQL数,
DB-10,DB操作,共通,検索/更新/削除条件,部分一致,前方一致しない値が指定された場合、レコードが取得、更新、削除されないこと。,SQL数,
DB-11,DB操作,共通,検索/更新/削除条件,部分一致,後方一致する値が指定された場合、期待したレコードが取得、更新、削除されること。,SQL数,
DB-12,DB操作,共通,検索/更新/削除条件,部分一致,後方一致しない値が指定された場合、レコードが取得、更新、削除されないこと。,SQL数,
DB-13,DB操作,共通,検索/更新/削除条件,部分一致,中間一致する値が指定された場合、期待したレコードが取得、更新、削除されること。,SQL数,
DB-14,DB操作,共通,検索/更新/削除条件,部分一致,中間一致しない値が指定された場合、レコードが取得、更新、削除されないこと。,SQL数,
DB-15,DB操作,共通,検索/更新/削除条件,抽出範囲,月、年度の切り替えにより抽出対象が変わる場合、取得、更新、削除されたレコードが［システム機能設計書/共通コンポーネント設計書の記載通り］であること。,データパターン数,"・月、年度の切り替えに影響される抽出条件の例
　・月切り替えのタイミングで過去1週間を表示
　・年切り替えのタイミングが1月基準/4月基準"
DB-16,DB操作,共通,検索/更新/削除条件,エスケープ,条件にワイルドカード文字が指定された場合、該当の文字が含まれるレコードが取得、更新、削除されること。,SQL数,・ワイルドカード文字例：「%」「_」「％」「＿」
DB-17,DB操作,共通,検索/更新/削除条件,件数上限,処理件数に上限がある場合、上限の件数以上のレコードが取得、更新、削除されないこと。,SQL数,
DB-18,DB操作,共通,登録/更新内容,-,全項目に値が指定された場合、レコードが登録されること。,登録SQL数,
DB-19,DB操作,共通,登録/更新内容,-,更新対象の項目すべてに値が指定された場合、レコードが更新されること。,更新SQL数,
DB-20,DB操作,共通,登録/更新内容,-,必須項目に値が指定されていない場合、レコードが登録されないこと。,登録SQL数,
DB-21,DB操作,共通,登録/更新内容,-,更新対象の必須項目に値が指定されていない場合、レコードが更新されないこと。,更新SQL数,
DB-22,DB操作,共通,登録/更新内容,-,必須項目は値あり、任意項目は値なしの場合、レコードが登録、更新されること。,登録/更新SQL数,
DB-23,DB操作,共通,登録/更新内容,編集仕様,取得した値を変換する設計となっている場合、登録、更新された値が［システム機能設計書/共通コンポーネント設計書の記載通り］であること。,変換パターン数,・コードの変換、トリム処理、文字列の一部を取得する処理などを検証する。
DB-24,DB操作,共通,登録/更新内容,編集仕様,取得した値を編集する処理が分岐する設計となっている場合、登録、更新された値が［システム機能設計書/共通コンポーネント設計書の記載通り］であること。,分岐パターン数,・分岐条件を網羅する。
DB-25,DB操作,共通,登録/更新内容,編集仕様,ループ処理によって、取得した値の編集を繰り返す設計となっている場合、登録、更新された値が［システム機能設計書/共通コンポーネント設計書の記載通り］であること。,繰り返しパターン数,"・繰り返しの回数に応じた観点も含める。
・1つの値に対して繰り返し処理する場合も検証する。
・取得データが複数件あり、その件数分の処理を繰り返す場合も検証する。"
DB-26,DB操作,共通,登録/更新内容,編集仕様,取得した値を使用して計算する設計となっている場合、登録、更新された値が［システム機能設計書/共通コンポーネント設計書の記載通り］であること。,計算パターン数,・桁あふれなども観点に含める。
DB-27,DB操作,共通,登録/更新内容,編集仕様,取得した値を連結する設計となっている場合、登録、更新された値が［システム機能設計書/共通コンポーネント設計書の記載通り］であること。,連結パターン数,・例：メールアドレス、電話番号
DB-28,DB操作,共通,登録/更新内容,編集仕様,取得した値を暗号化する設計となっている場合、登録、更新された値が暗号化されること。,暗号化項目数,
DB-29,DB操作,共通,登録/更新内容,編集仕様,取得した値をマスキングする設計となっている場合、登録、更新された値がマスキングされること。,マスキング項目数,
DB-30,DB操作,共通,登録/更新内容,編集仕様,取得した値に改行、タブ、メタキャラクタが含まれる場合、登録、更新された値がエンコーディング、サニタイジングされること。,エンコーディング/サニタイジング項目数,"・メタキャラクタ例： 「""」「&」「<」「>」「'」「\」"
DB-31,DB操作,共通,登録/更新内容,データ型,カラムのデータ型に合わせて、指定された値が登録、更新されること。,登録/更新項目数,・他の型から変換した値を登録/更新する場合、期待した結果となることを検証する。
DB-32,DB操作,共通,登録/更新内容,桁数,最大長が指定された場合、登録、更新されること。,登録/更新項目数,
DB-33,DB操作,共通,登録/更新内容,桁数,最大長＋1が指定された場合、登録、更新されないこと。,登録/更新項目数,
DB-34,DB操作,共通,登録/更新内容,桁数,最小長が指定された場合、登録、更新されること。,登録/更新項目数,
DB-35,DB操作,共通,登録/更新内容,桁数,最小長－1が指定された場合、登録、更新されないこと。,登録/更新項目数,
DB-36,DB操作,共通,登録/更新内容,桁数,サロゲートペア文字を許容する設計となっている場合、サロゲートペア文字を含む値が登録、更新されること。,登録/更新項目数,
DB-37,DB操作,検索,実行結果,-,検索対象のテーブルにレコードがある場合、期待したレコードを取得できること。,検索SQL数,
DB-38,DB操作,検索,実行結果,-,検索対象のテーブルのレコードが0件の場合、［システム機能設計書/共通コンポーネント設計書の記載通りの挙動］であること。,検索SQL数,
DB-39,DB操作,検索,実行結果,件数,期待したレコード件数を取得できること。,検索SQL数,
DB-40,DB操作,検索,実行結果,結合,内部結合（INNER JOIN句）を使用する場合、［システム機能設計書/共通コンポーネント設計書の記載通り］に結合された結果が取得できること。,検索SQL数,
DB-41,DB操作,検索,実行結果,結合,外部結合（OUTER JOIN句）を使用する場合、［システム機能設計書/共通コンポーネント設計書の記載通り］に結合された結果が取得できること。,検索SQL数,・LEFT JOIN、RIGHT JOINで結果が異なるため、期待した結果となることを検証する。
DB-42,DB操作,検索,実行結果,ソート順,ORDER BY句に指定した条件でソートされた結果を取得できること。,検索SQL数,
DB-43,DB操作,検索,実行結果,グループ化,GROUP BY句に指定した条件でグループ化された結果を取得できること。,検索SQL数,
DB-44,DB操作,登録,実行結果,-,登録対象のテーブルに期待したレコードが追加されること。,登録SQL数,
DB-45,DB操作,登録,実行結果,件数,期待したレコード件数を登録できること。,登録SQL数,
DB-46,DB操作,登録,実行結果,エラー,エラーが発生した場合、登録対象のテーブルの状態が［システム機能設計書/共通コンポーネント設計書/方式設計書の記載通り］であること。,エラーパターン数,
DB-47,DB操作,更新,実行結果,-,更新対象のテーブルに更新するレコードがある場合、期待したレコードが更新されること。,更新SQL数,
DB-48,DB操作,更新,実行結果,-,更新対象のテーブルに更新するレコードがない場合、［システム機能設計書/共通コンポーネント設計書の記載通りの挙動］となること。,更新SQL数,
DB-49,DB操作,更新,実行結果,件数,期待したレコード件数を更新できること。,更新SQL数,
DB-50,DB操作,更新,実行結果,結合,内部結合（INNER JOIN句）を使用する場合、［システム機能設計書/共通コンポーネント設計書の記載通り］に結合されたレコードが更新できること。,更新SQL数,
DB-51,DB操作,更新,実行結果,結合,外部結合（OUTER JOIN句）を使用する場合、［システム機能設計書/共通コンポーネント設計書の記載通り］に結合されたレコードが更新できること。,更新SQL数,・LEFT JOIN、RIGHT JOINで結果が異なるため、期待した結果となることを検証する。
DB-52,DB操作,更新,実行結果,エラー,エラーが発生した場合、更新対象のテーブルの状態が［システム機能設計書/共通コンポーネント設計書/方式設計書の記載通り］であること。,エラーパターン数,
DB-53,DB操作,削除,実行結果,論理削除,論理削除対象のテーブルに更新するレコードがある場合、期待したレコードが論理削除されること。,論理削除SQL数,
DB-54,DB操作,削除,実行結果,論理削除,論理削除対象のテーブルに更新するレコードがない場合、［システム機能設計書/共通コンポーネント設計書の記載通りの挙動］となること。,論理削除SQL数,
DB-55,DB操作,削除,実行結果,論理削除,期待したレコード件数を論理削除できること。,論理削除SQL数,
DB-56,DB操作,削除,実行結果,論理削除,内部結合（INNER JOIN句）を使用する場合、［システム機能設計書/共通コンポーネント設計書の記載通り］に結合されたレコードが論理削除できること。,論理削除SQL数,
DB-57,DB操作,削除,実行結果,論理削除,外部結合（OUTER JOIN句）を使用する場合、［システム機能設計書/共通コンポーネント設計書の記載通り］に結合されたレコードが論理削除できること。,論理削除SQL数,・LEFT JOIN、RIGHT JOINで結果が異なるため、期待した結果となることを検証する。
DB-58,DB操作,削除,実行結果,物理削除,物理削除対象のテーブルに削除するレコードがある場合、期待したレコードが物理削除されること。,物理削除SQL数,
DB-59,DB操作,削除,実行結果,物理削除,物理削除対象のテーブルに削除するレコードがない場合、［システム機能設計書/共通コンポーネント設計書の記載通りの挙動］となること。,物理削除SQL数,
DB-60,DB操作,削除,実行結果,物理削除,期待したレコード件数を物理削除できること。,物理削除SQL数,
DB-61,DB操作,削除,実行結果,物理削除,内部結合（INNER JOIN句）を使用する場合、［システム機能設計書/共通コンポーネント設計書の記載通り］に結合されたレコードが物理削除できること。,物理削除SQL数,
DB-62,DB操作,削除,実行結果,物理削除,外部結合（OUTER JOIN句）を使用する場合、［システム機能設計書/共通コンポーネント設計書の記載通り］に結合されたレコードが物理削除できること。,物理削除SQL数,・LEFT JOIN、RIGHT JOINで結果が異なるため、期待した結果となることを検証する。
DB-63,DB操作,削除,実行結果,エラー,エラーが発生した場合、削除対象のテーブルの状態が［システム機能設計書/共通コンポーネント設計書/方式設計書の記載通り］であること。,エラーパターン数,
DB-64,DB制御,更新順序,-,-,複数テーブルに対し、登録、更新、削除を行う場合、処理されるテーブルの順序が［システム機能設計書/共通コンポーネント設計書の記載通り］であること。,DB更新処理数,
DB-65,DB制御,排他制御,-,-,登録、更新、削除の実行時に楽観的ロックができること。,DB更新処理数,
DB-66,DB制御,排他制御,,,登録、更新、削除の実行時に悲観的ロックができること。,DB更新処理数,
DB-67,DB制御,ロールバック,-,-,エラーが発生した場合、ロールバックされること。,DB更新処理数,
DB-68,DB制御,コミット,-,-,コミットタイミングが［方式設計書の記載通り］であること。,DB更新処理数,
DB-69,DB制御,コミット,,,コミットの単位が［方式設計書の記載通り］であること。,DB更新処理数,
File-1,ファイル取込（※ファイルアップロードを含む）,実行結果,-,-,取り込まれたファイルの格納先が［システム機能設計書/共通コンポーネント設計書の記載通り］であること。,ファイル取込処理数,
File-2,ファイル取込（※ファイルアップロードを含む）,実行結果,-,-,取り込まれたファイルが、指定のファイル名で格納されること。,ファイル取込処理数,
File-3,ファイル取込（※ファイルアップロードを含む）,実行結果,-,-,取り込まれたファイルのアクセス権限が［システム機能設計書/共通コンポーネント設計書の記載通り］であること。,ファイル取込処理数,
File-4,ファイル取込（※ファイルアップロードを含む）,実行結果,-,-,取り込まれたファイルの所有権が［システム機能設計書/共通コンポーネント設計書の記載通り］であること。,ファイル取込処理数,
File-5,ファイル取込（※ファイルアップロードを含む）,実行結果,-,桁数,取り込まれたファイルに含まれるレコードの長さが最大長の場合、エラーとならないこと。,ファイル取込処理数,
File-6,ファイル取込（※ファイルアップロードを含む）,実行結果,-,桁数,取り込まれたファイルに含まれるレコードの長さが最大長＋1の場合、エラーとなること。,ファイル取込処理数,
File-7,ファイル取込（※ファイルアップロードを含む）,実行結果,-,桁数,取り込まれたファイルに含まれるレコードの長さが最小長の場合、エラーとならないこと。,ファイル取込処理数,
File-8,ファイル取込（※ファイルアップロードを含む）,実行結果,-,桁数,取り込まれたファイルに含まれるレコードの長さが最小長-1の場合、エラーとなること。,ファイル取込処理数,
File-9,ファイル取込（※ファイルアップロードを含む）,実行結果,-,桁数,サロゲートペア文字を許容する設計となっている場合、サロゲートペア文字を含むレコードを取り込んだ結果がエラーとならないこと。,ファイル取込処理数,
File-10,ファイル取込（※ファイルアップロードを含む）,実行結果,-,レコード件数,取り込まれたファイルのレコード件数が複数の場合、［システム機能設計書/共通コンポーネント設計書の記載通りの挙動］となること。,ファイル取込処理数,
File-11,ファイル取込（※ファイルアップロードを含む）,実行結果,-,レコード件数,取り込まれたファイルのレコードが0件（空ファイル）の場合、［システム機能設計書/共通コンポーネント設計書の記載通りの挙動］となること。,ファイル取込処理数,
File-12,ファイル取込（※ファイルアップロードを含む）,実行結果,-,レコード件数,取り込まれたファイルがマルチレイアウトの場合、同一レコード種類のレコードが複数件存在する時の処理が［システム機能設計書/共通コンポーネント設計書の記載通りの挙動］であること。,ファイル取込処理数,・複数件出力されるレコード種類を対象とする。
File-13,ファイル取込（※ファイルアップロードを含む）,実行結果,-,レコード件数,取り込まれたファイルがマルチレイアウトの場合、レコード種類のうちデータレコードにあたる件数が0件の時、［システム機能設計書/共通コンポーネント設計書の記載通りの挙動］であること。,ファイル取込処理数,
File-14,ファイル取込（※ファイルアップロードを含む）,実行結果,-,レコード件数,取り込まれたファイルがマルチレイアウトの場合、全レコード種類が含まれる時の処理が［システム機能設計書/共通コンポーネント設計書の記載通りの挙動］であること。,ファイル取込処理数,
File-15,ファイル取込（※ファイルアップロードを含む）,実行結果,-,インターフェース仕様,インターフェース仕様が設計と異なるファイルを取り込んだ場合、実行結果が［方式設計書の記載通り］となること。,ファイル取込処理数,・例：文字コード、改行コード、区切り文字
File-16,ファイル取込（※ファイルアップロードを含む）,実行結果,エラー,-,エラーが発生した場合、取込対象のファイルの状態が［システム機能設計書/共通コンポーネント設計書の記載通り］であること。,エラーパターン数,
File-17,ファイル取込（※ファイルアップロードを含む）,バリデーション,フォーマット定義,レコード構成,取り込まれたファイルがマルチレイアウトの場合、全レコード種類の構成が［外部インターフェース設計書/サブシステムインターフェース設計書の記載通り］であること。,ファイル種類数,
File-18,ファイル取込（※ファイルアップロードを含む）,バリデーション,フォーマット定義,ファイルサイズ,取り込まれたファイルのサイズをバリデーションする場合、有効なサイズのファイルがエラーとならないこと。,ファイル種類数,
File-19,ファイル取込（※ファイルアップロードを含む）,バリデーション,フォーマット定義,ファイルサイズ,取り込まれたファイルのサイズバリデーションする場合、無効なサイズのファイルがエラーとなること。,ファイル種類数,
File-20,ファイル取込（※ファイルアップロードを含む）,バリデーション,フォーマット定義,ファイルサイズ,取り込まれたファイルのサイズをバリデーションしない場合、想定以上のサイズのファイル取込結果が［システム機能設計書/共通コンポーネント設計書の記載通り］であること。,ファイル取込処理数,
File-21,ファイル出力（※ファイルダウンロードを含む）,実行結果,-,-,出力したファイルが、指定したディレクトリに格納されること。,ファイル出力処理数,
File-22,ファイル出力（※ファイルダウンロードを含む）,実行結果,-,-,出力したファイルが、指定したファイル名で格納されること。,ファイル出力処理数,
File-23,ファイル出力（※ファイルダウンロードを含む）,実行結果,-,-,出力したファイルのアクセス権限が［システム機能設計書/共通コンポーネント設計書の記載通り］であること。,ファイル出力処理数,
File-24,ファイル出力（※ファイルダウンロードを含む）,実行結果,-,-,出力したファイルの所有権が［システム機能設計書/共通コンポーネント設計書の記載通り］であること。,ファイル出力処理数,
File-25,ファイル出力（※ファイルダウンロードを含む）,実行結果,-,ファイル名,ファイル保存先を指定するダイアログボックスにデフォルトファイル名が表示されること。,ファイル出力処理数,
File-26,ファイル出力（※ファイルダウンロードを含む）,実行結果,-,ファイル名,ダウンロード先ディレクトリに同名ファイルが存在する場合、［システム機能設計書/共通コンポーネント設計書の記載通りの挙動］となること。,ファイル出力処理数,
File-27,ファイル出力（※ファイルダウンロードを含む）,実行結果,エラー,-,エラーが発生した場合、出力対象のファイルの状態が［システム機能設計書/共通コンポーネント設計書の記載通り］であること。,エラーパターン数,
File-28,ファイル出力（※ファイルダウンロードを含む）,データ出力,フォーマット定義,文字コード,出力したファイルの文字コードが［外部インターフェース設計書/サブシステムインターフェース設計書の記載通り］であること。,ファイル種類数,
File-29,ファイル出力（※ファイルダウンロードを含む）,データ出力,フォーマット定義,改行コード,出力したファイルの改行コードが［外部インターフェース設計書/サブシステムインターフェース設計書の記載通り］であること。,ファイル種類数,
File-30,ファイル出力（※ファイルダウンロードを含む）,データ出力,フォーマット定義,区切り文字,出力したファイルの区切り文字が［外部インターフェース設計書/サブシステムインターフェース設計書の記載通り］であること。,ファイル種類数,
File-31,ファイル出力（※ファイルダウンロードを含む）,データ出力,フォーマット定義,レコード構成,出力したファイルがマルチレイアウトの場合、レコード構成が［外部インターフェース設計書/サブシステムインターフェース設計書の記載通り］であること。,ファイル種類数,
File-32,ファイル出力（※ファイルダウンロードを含む）,データ出力,フォーマット定義,ソート順,出力したファイルの項目並び順が［外部インターフェース設計書/サブシステムインターフェース設計書/帳票設計書の記載通り］であること。,ファイル種類数,
File-33,ファイル出力（※ファイルダウンロードを含む）,データ出力,フォーマット定義,レイアウト,帳票の場合、出力したレイアウトが［帳票設計書の記載通り］であること。,帳票種類数,・画像を出力する場合、画像の位置や大きさなども検証する。
File-34,ファイル出力（※ファイルダウンロードを含む）,データ出力,フォーマット定義,レイアウト,帳票の場合、値の出力形式が［帳票設計書の記載通り］であること。,出力項目数,・例：配置（左詰め、上詰め など）、カンマ区切り
File-35,ファイル出力（※ファイルダウンロードを含む）,データ出力,フォーマット定義,レイアウト,帳票の場合、フォントの種類が［帳票設計書の記載通り］であること。,出力項目数,
File-36,ファイル出力（※ファイルダウンロードを含む）,データ出力,フォーマット定義,レイアウト,帳票の場合、文字サイズが［帳票設計書の記載通り］であること。,出力項目数,
File-37,ファイル出力（※ファイルダウンロードを含む）,データ出力,フォーマット定義,レイアウト,帳票の場合、文字スタイル（太字斜体など）が［帳票設計書の記載通り］であること。,出力項目数,
File-38,ファイル出力（※ファイルダウンロードを含む）,データ出力,フォーマット定義,レイアウト,帳票の場合、文字色が［帳票設計書の記載通り］であること。,出力項目数,
File-39,ファイル出力（※ファイルダウンロードを含む）,データ出力,出力内容,-,出力したファイルに含まれる項目の値が、取得元と同値であること。,出力項目数,
File-40,ファイル出力（※ファイルダウンロードを含む）,データ出力,出力内容,-,デフォルト値を出力する項目の場合、デフォルト値が出力されること。,デフォルト値出力項目数,
File-41,ファイル出力（※ファイルダウンロードを含む）,データ出力,出力内容,編集仕様,取得した値を変換する設計となっている場合、出力された値が［システム機能設計書/共通コンポーネント設計書の記載通り］であること。,変換パターン数,・コードの変換、トリム処理、文字列の一部を取得する処理などを検証する。
File-42,ファイル出力（※ファイルダウンロードを含む）,データ出力,出力内容,編集仕様,取得した値を編集する処理が分岐する設計となっている場合、出力された値が［システム機能設計書/共通コンポーネント設計書の記載通り］であること。,分岐パターン数,・分岐条件を網羅する。
File-43,ファイル出力（※ファイルダウンロードを含む）,データ出力,出力内容,編集仕様,ループ処理によって、取得した値の編集を繰り返す設計となっている場合、出力された値が［システム機能設計書/共通コンポーネント設計書の記載通り］であること。,繰り返しパターン数,"・繰り返しの回数に応じた観点も含める。
・1つの値に対して繰り返し処理する場合も検証する。
・取得データが複数件あり、その件数分の処理を繰り返す場合も検証する。"
File-44,ファイル出力（※ファイルダウンロードを含む）,データ出力,出力内容,編集仕様,取得した値を使用して計算する設計となっている場合、出力された値が［システム機能設計書/共通コンポーネント設計書の記載通り］であること。,計算パターン数,・桁あふれなども観点に含める。
File-45,ファイル出力（※ファイルダウンロードを含む）,データ出力,出力内容,編集仕様,取得した値を連結する設計となっている場合、出力された値が［システム機能設計書/共通コンポーネント設計書の記載通り］であること。,連結パターン数,・例：メールアドレス、電話番号
File-46,ファイル出力（※ファイルダウンロードを含む）,データ出力,出力内容,編集仕様,取得した値を暗号化する設計となっている場合、出力された値が暗号化されること。,暗号化項目数,
File-47,ファイル出力（※ファイルダウンロードを含む）,データ出力,出力内容,編集仕様,取得した値をマスキングする設計となっている場合、出力された値がマスキングされること。,マスキング項目数,
File-48,ファイル出力（※ファイルダウンロードを含む）,データ出力,出力内容,編集仕様,取得した値に改行、タブ、メタキャラクタが含まれる場合、出力された値がエンコーディング、サニタイジングされること。,エンコーディング/サニタイジング項目数,"・メタキャラクタ例： 「""」「&」「<」「>」「'」「\」"
File-49,ファイル出力（※ファイルダウンロードを含む）,データ出力,出力内容,編集仕様,取得した値をパディングする設計となっている場合、出力された値が［システム機能設計書/共通コンポーネント設計書の記載通り］であること。,パディング項目数,
File-50,ファイル出力（※ファイルダウンロードを含む）,データ出力,出力内容,編集仕様,取得した値をパディングする設計となっている場合、出力された値のパディング位置が［システム機能設計書/共通コンポーネント設計書の記載通り］であること。,パディング項目数,
File-51,ファイル出力（※ファイルダウンロードを含む）,データ出力,出力内容,編集仕様,取得した数値が小数点以下を含む場合、出力された小数点以下の数値が［システム機能設計書/共通コンポーネント設計書の記載通り］であること。,数値項目数,
File-52,ファイル出力（※ファイルダウンロードを含む）,データ出力,出力内容,桁数,出力項目の値が最大長の場合、エラーとならないこと。,出力項目数,
File-53,ファイル出力（※ファイルダウンロードを含む）,データ出力,出力内容,桁数,出力項目の値が最小長の場合、エラーとならないこと。,出力項目数,
File-54,ファイル出力（※ファイルダウンロードを含む）,データ出力,出力内容,桁数,出力項目の値が存在しない場合、［システム機能設計書/共通コンポーネント設計書の記載通りの挙動］となること。,出力項目数,
File-55,ファイル出力（※ファイルダウンロードを含む）,データ出力,出力内容,桁数,出力するレコードの長さが最大の場合、エラーとならないこと。,ファイル種類数,
File-56,ファイル出力（※ファイルダウンロードを含む）,データ出力,出力内容,桁数,出力するレコードの長さが最小の場合、エラーとならないこと。,ファイル種類数,
File-57,ファイル出力（※ファイルダウンロードを含む）,データ出力,出力内容,桁数,サロゲートペア文字を許容する設計となっている場合、サロゲートペア文字を含むレコードを出力した結果がエラーとならないこと。,ファイル種類数,
File-58,ファイル出力（※ファイルダウンロードを含む）,データ出力,出力内容,桁数,帳票に出力する項目の値が最大長の場合、出力内容が見切れないこと。,出力項目数,
File-59,ファイル出力（※ファイルダウンロードを含む）,データ出力,出力内容,レコード件数,ファイルに期待通りの件数分、レコードが出力されること。,ファイル出力処理数,
File-60,ファイル出力（※ファイルダウンロードを含む）,データ出力,出力内容,レコード件数,レコード件数をファイルに出力する設計となっている場合、出力された値が［システム機能設計書/共通コンポーネント設計書の記載通り］であること。,ファイル出力処理数,
File-61,ファイル出力（※ファイルダウンロードを含む）,データ出力,出力内容,レコード件数,出力するレコード件数が複数件の場合、［システム機能設計書/共通コンポーネント設計書の記載通りの挙動］となること。,ファイル出力処理数,
File-62,ファイル出力（※ファイルダウンロードを含む）,データ出力,出力内容,レコード件数,1ファイルに出力するレコードの最大件数が決まっている場合、最大件数分のレコードを出力した結果が［システム機能設計書/共通コンポーネント設計書の記載通り］であること。,ファイル出力処理数,
File-63,ファイル出力（※ファイルダウンロードを含む）,データ出力,出力内容,レコード件数,1ファイルに出力するレコードの最大件数が決まっている場合、最大件数＋1件分のレコードを出力した結果が［システム機能設計書/共通コンポーネント設計書の記載通り］であること。,ファイル出力処理数,
File-64,ファイル出力（※ファイルダウンロードを含む）,データ出力,出力内容,レコード件数,出力するレコードが0件（空ファイル）の場合、［システム機能設計書/共通コンポーネント設計書の記載通りの挙動］となること。,ファイル出力処理数,
File-65,ファイル出力（※ファイルダウンロードを含む）,データ出力,出力内容,レコード件数,出力するファイルがマルチレイアウトの場合、同一レコード種類のレコードが複数件存在する時の処理が［システム機能設計書/共通コンポーネント設計書の記載通り］であること。,ファイル出力処理数,・複数件出力されるレコード種類を対象とする。
File-66,ファイル出力（※ファイルダウンロードを含む）,データ出力,出力内容,レコード件数,出力するファイルがマルチレイアウトの場合、レコード種類のうちデータレコードにあたる件数が0件の時、［システム機能設計書/共通コンポーネント設計書の記載通りの挙動］であること。,ファイル出力処理数,
File-67,ファイル出力（※ファイルダウンロードを含む）,データ出力,出力内容,レコード件数,出力するファイルがマルチレイアウトで、全レコード種類が含まれる場合、エラーとならないこと。,ファイル出力処理数,
File-68,ファイル出力（※ファイルダウンロードを含む）,データ出力,出力内容,ソート順,出力するレコードのソート順が［システム機能設計書/共通コンポーネント設計書/帳票設計書の記載通り］であること。,ファイル出力処理数,
File-69,ファイル出力（※ファイルダウンロードを含む）,データ出力,出力内容,画像,出力された画像が［システム機能設計書/共通コンポーネント設計書/帳票設計書の記載通り］であること。,画像数,・QRコードを出力する場合、リンク先が正しいことも検証する。
File-70,ファイル操作,実行結果,削除,-,ファイルが削除されること。,ファイル削除処理数,
File-71,ファイル操作,実行結果,移動・リネーム,-,ファイルが移動、リネームされること。,ファイル移動/リネーム処理数,
File-72,ファイル操作,実行結果,コピー,-,ファイルがコピーされること。,ファイルコピー処理数,
Mail-1,メール処理,実行結果,-,送信・転送,指定した宛先（メールアドレス）への送信、転送が正常終了すること。,メール送信、転送処理数,
Mail-2,メール処理,実行結果,-,桁数,宛先（メールアドレス）に最大長がセットされた場合、送信、転送が正常終了すること。,メール送信、転送処理数,
Mail-3,メール処理,実行結果,-,桁数,件名に最大長がセットされた場合、送信、転送が正常終了すること。,メール送信、転送処理数,・サロゲートペア文字を許容する設計の場合は、サロゲートペア文字を含んだ値でも検証する。
Mail-4,メール処理,実行結果,-,編集,"件名に改行・タブ・メタキャラクタ（ ""，&．<，>，',\ ）が含まれていた場合、送信、転送が正常終了すること。",メール送信、転送処理数,"・メタキャラクタ例： 「""」「&」「<」「>」「'」「\」"
Mail-5,メール処理,実行結果,-,編集,"本文に改行・タブ・メタキャラクタ（ ""，&．<，>，',\ ）が含まれていた場合、送信、転送が正常終了すること。",メール送信、転送処理数,"・メタキャラクタ例： 「""」「&」「<」「>」「'」「\」"
Mail-6,メール処理,実行結果,エラー,-,エラーが発生した場合、メールの送信結果が［システム機能設計書/共通コンポーネント設計書の記載通り］であること。,エラーパターン数,
Mail-7,メール処理,メール編集,ヘッダ,設定,ヘッダの宛先（To）に［メール設計書の記載通りの値］が設定されること。,メール送信、転送処理数,
Mail-8,メール処理,メール編集,ヘッダ,設定,ヘッダの宛先（Cc）に［メール設計書の記載通りの値］が設定されること。,メール送信、転送処理数,
Mail-9,メール処理,メール編集,ヘッダ,設定,ヘッダの宛先（Bcc）に［メール設計書の記載通りの値］が設定されること。,メール送信、転送処理数,
Mail-10,メール処理,メール編集,ヘッダ,設定,ヘッダの送信元（From）に［メール設計書の記載通りの値］が設定されること。,メール送信、転送処理数,
Mail-11,メール処理,メール編集,ヘッダ,設定,ヘッダの返信先（Reply-to）に［メール設計書の記載通りの値］が設定されること。,メール送信、転送処理数,
Mail-12,メール処理,メール編集,ヘッダ,設定,ヘッダの差戻し先（Retuern-path）に［メール設計書の記載通りの値］が設定されること。,メール送信、転送処理数,
Mail-13,メール処理,メール編集,ヘッダ,設定,ヘッダのContent-Typeに［メール設計書の記載通りの値］が設定されること。,メール送信、転送処理数,
Mail-14,メール処理,メール編集,ヘッダ,エンコーディング,ヘッダがエンコードされること。,メール送信、転送処理数,
Mail-15,メール処理,メール編集,件名,編集仕様,件名が固定の文言の場合、件名に設定された文言が［メール設計書の記載通り］であること。,メール種類数,
Mail-16,メール処理,メール編集,件名,編集仕様,件名に埋め込み項目を使用する場合、件名に設定された値が［メール設計書の記載通り］であること。,埋め込み項目数,
Mail-17,メール処理,メール編集,件名,編集仕様,埋め込み必須項目が未入力の場合、エラーとなること。,必須項目数,
Mail-18,メール処理,メール編集,件名,編集仕様,埋め込み任意項目が未入力の場合、エラーとならないこと。,任意項目数,
Mail-19,メール処理,メール編集,件名,編集仕様,取得した値を変換する設計となっている場合、件名に設定された値が［システム機能設計書/共通コンポーネント設計書/メール設計書の記載通り］であること。,変換パターン数,・コードの変換、トリム処理、文字列の一部を取得する処理などを検証する。
Mail-20,メール処理,メール編集,件名,編集仕様,取得した値を編集する処理が分岐する設計となっている場合、件名に設定された値が［システム機能設計書/共通コンポーネント設計書/メール設計書の記載通り］であること。,分岐パターン数,・分岐条件を網羅する。
Mail-21,メール処理,メール編集,件名,編集仕様,ループ処理によって、取得した値の編集を繰り返す設計となっている場合、件名に設定された値が［システム機能設計書/共通コンポーネント設計書/メール設計書の記載通り］であること。,繰り返しパターン数,"・繰り返しの回数に応じた観点も含める。
・1つの値に対して繰り返し処理する場合も検証する。
・取得データが複数件あり、その件数分の処理を繰り返す場合も検証する。"
Mail-22,メール処理,メール編集,件名,編集仕様,取得した値を使用して計算する設計となっている場合、件名に設定された値が［システム機能設計書/共通コンポーネント設計書/メール設計書の記載通り］であること。,計算パターン数,・桁あふれなども観点に含める。
Mail-23,メール処理,メール編集,件名,編集仕様,取得した値を連結する設計となっている場合、件名に設定された値が［システム機能設計書/共通コンポーネント設計書/メール設計書の記載通り］であること。,連結パターン数,・例：メールアドレス、電話番号
Mail-24,メール処理,メール編集,件名,編集仕様,取得した値を暗号化する設計となっている場合、件名に設定された値が暗号化されること。,暗号化項目数,
Mail-25,メール処理,メール編集,件名,編集仕様,取得した値をマスキングする設計となっている場合、件名に設定された値がマスキングされること。,マスキング項目数,
Mail-26,メール処理,メール編集,件名,編集仕様,取得した値に改行、タブ、メタキャラクタが含まれる場合、件名に設定された値がエンコーディング、サニタイジングされること。,エンコーディング/サニタイジング項目数,"・メタキャラクタ例： 「""」「&」「<」「>」「'」「\」"
Mail-27,メール処理,メール編集,件名,編集仕様,埋め込み項目の編集仕様が［メール設計書の記載通り］であること。,埋め込み項目数,・例：日付、姓名、金額
Mail-28,メール処理,メール編集,本文,編集仕様,本文が固定の文言の場合、本文に設定された文言が［メール設計書の記載通り］であること。,メール種類数,
Mail-29,メール処理,メール編集,本文,編集仕様,本文に埋め込み項目を使用する場合、本文に設定された値が［メール設計書の記載通り］であること。,埋め込み項目数,
Mail-30,メール処理,メール編集,本文,編集仕様,本文のデザインが［メール設計書の記載通り］であること。,メール種類数,
Mail-31,メール処理,メール編集,本文,編集仕様,埋め込み必須項目が未入力の場合、エラーとなること。,必須項目数,
Mail-32,メール処理,メール編集,本文,編集仕様,埋め込み任意項目が未入力の場合、エラーとならないこと。,任意項目数,
Mail-33,メール処理,メール編集,本文,編集仕様,本文にエラーメッセージを出力する場合、本文に出力されたメッセージが［システム機能設計書/共通コンポーネント設計書/メール設計書/メッセージ設計書の記載通り］であること。,エラーメッセージ数,
Mail-34,メール処理,メール編集,本文,編集仕様,取得した値を変換する設計となっている場合、本文に設定された値が［システム機能設計書/共通コンポーネント設計書/メール設計書の記載通り］であること。,変換パターン数,・コードの変換、トリム処理、文字列の一部を取得する処理などを検証する。
Mail-35,メール処理,メール編集,本文,編集仕様,取得した値を編集する処理が分岐する設計となっている場合、本文に設定された値が［システム機能設計書/共通コンポーネント設計書/メール設計書の記載通り］であること。,分岐パターン数,・分岐条件を網羅する。
Mail-36,メール処理,メール編集,本文,編集仕様,ループ処理によって、取得した値の編集を繰り返す設計となっている場合、本文に設定された値が［システム機能設計書/共通コンポーネント設計書/メール設計書の記載通り］であること。,繰り返しパターン数,"・繰り返しの回数に応じた観点も含める。
・1つの値に対して繰り返し処理する場合も検証する。
・取得データが複数件あり、その件数分の処理を繰り返す場合も検証する。"
Mail-37,メール処理,メール編集,本文,編集仕様,取得した値を使用して計算する設計となっている場合、本文に設定された値が［システム機能設計書/共通コンポーネント設計書/メール設計書の記載通り］であること。,計算パターン数,・桁あふれなども観点に含める。
Mail-38,メール処理,メール編集,本文,編集仕様,取得した値を連結する設計となっている場合、本文に設定された値が［システム機能設計書/共通コンポーネント設計書/メール設計書の記載通り］であること。,連結パターン数,・例：メールアドレス、電話番号
Mail-39,メール処理,メール編集,本文,編集仕様,取得した値を暗号化する設計となっている場合、本文に設定された値が暗号化されること。,暗号化項目数,
Mail-40,メール処理,メール編集,本文,編集仕様,取得した値をマスキングする設計となっている場合、本文に設定された値がマスキングされること。,マスキング項目数,
Mail-41,メール処理,メール編集,本文,編集仕様,取得した値に改行、タブ、メタキャラクタが含まれる場合、本文に設定された値がエンコーディング、サニタイジングされること。,エンコーディング/サニタイジング項目数,"・メタキャラクタ例： 「""」「&」「<」「>」「'」「\」"
Mail-42,メール処理,メール編集,本文,編集仕様,埋め込み項目の編集仕様が［メール設計書の記載通り］であること。,埋め込み項目数,・例：日付、姓名、金額
Mail-43,メール処理,メール編集,本文,データ件数,1通のメールに埋め込み項目などを複数件繰り返し出力し、その最大件数が決まっている場合、最大件数分の値を出力した結果が［システム機能設計書/共通コンポーネント設計書の記載通り］であること。,メール送信、転送処理数,
Mail-44,メール処理,メール編集,本文,データ件数,1通のメールに埋め込み項目などを複数件繰り返し出力し、その最大件数が決まっている場合、最大件数＋1件分の値を出力した結果が［システム機能設計書/共通コンポーネント設計書の記載通り］であること。,メール送信、転送処理数,
Mail-45,メール処理,メール編集,本文,データ件数,1通のメールに埋め込み項目などを複数件繰り返し出力する処理で、出力対象が0件の場合、［システム機能設計書/共通コンポーネント設計書の記載通りの挙動］となること。,メール送信、転送処理数,
Mail-46,メール処理,メール編集,本文,ソート順,1通のメールに埋め込み項目などを複数件繰り返し出力する設計の場合、ソート順が［システム機能設計書/共通コンポーネント設計書/メール設計書の記載通り］であること。,メール送信、転送処理数,
Mail-47,メール処理,メール編集,本文,添付ファイル,ファイルを添付する場合、指定したファイルが添付されること。,メール種類数,
Rcv-1,受信処理,実行結果,-,-,電文が［システム機能設計書/共通コンポーネント設計書の記載通り］受信されること。,電文受信処理数,
Rcv-2,受信処理,実行結果,-,桁数,受信した電文の長さが最大長の場合、エラーとならないこと。,電文受信処理数,
Rcv-3,受信処理,実行結果,-,桁数,受信した電文の長さが最大長+1の場合、エラーとなること。,電文受信処理数,
Rcv-4,受信処理,実行結果,-,桁数,受信した電文の長さが最小長の場合、エラーとならないこと。,電文受信処理数,
Rcv-5,受信処理,実行結果,-,桁数,受信した電文の長さが最小長-1の場合、エラーとなること。,電文受信処理数,
Rcv-6,受信処理,実行結果,-,桁数,サロゲートペア文字を許容する設計となっている場合、サロゲートペア文字を含む電文を受信した結果がエラーとならないこと。,電文受信処理数,
Rcv-7,受信処理,実行結果,-,レコード件数,受信した電文のレコード件数が複数の場合、［システム機能設計書/共通コンポーネント設計書の記載通りの挙動］となること。,電文受信処理数,
Rcv-8,受信処理,実行結果,-,レコード件数,受信した電文のレコードが0件の場合、［システム機能設計書/共通コンポーネント設計書の記載通りの挙動］となること。,電文受信処理数,
Rcv-9,受信処理,実行結果,-,レコード件数,受信した電文がマルチレイアウトの場合、同一レコード種類のレコードが複数件存在する時の処理が［システム機能設計書/共通コンポーネント設計書の記載通り］であること。,電文受信処理数,・複数件出力されるレコード種類を対象とする。
Rcv-10,受信処理,実行結果,-,レコード件数,受信した電文がマルチレイアウトの場合、レコード種類のうちデータレコードにあたる件数が0件の時、［システム機能設計書/共通コンポーネント設計書の記載通りの挙動］であること。,電文受信処理数,
Rcv-11,受信処理,実行結果,-,レコード件数,受信した電文がマルチレイアウトの場合、全レコード種類が含まれる時の処理が［システム機能設計書/共通コンポーネント設計書の記載通り］であること。,電文受信処理数,
Rcv-12,受信処理,実行結果,-,インターフェース仕様,インターフェース仕様が設計と異なる電文を取り込んだ場合、実行結果が［方式設計書の記載通り］となること。,電文受信処理数,・例：文字コード、区切り文字
Rcv-13,受信処理,バリデーション,フォーマット定義,レコード構成,受信した電文がマルチレイアウトの場合、全レコード種類の構成が［外部インターフェース設計書/サブシステムインターフェース設計書の記載通り］であること。,電文種類数,
Send-14,送信処理,実行結果,-,-,実行結果が正常の時、電文が［システム機能設計書/共通コンポーネント設計書の記載通り］送信されること。,電文送信処理数,
Send-15,送信処理,実行結果,-,,実行結果が異常の時、電文が［システム機能設計書/共通コンポーネント設計書の記載通り］送信されること。,電文送信処理数,
Send-16,送信処理,実行結果,エラー,-,電文の送信時にタイムアウトが発生した場合、実行結果が［システム機能設計書/共通コンポーネント設計書の記載通り］であること。,電文送信処理数,
Send-17,送信処理,実行結果,エラー,-,タイムアウト以外のエラーが発生した場合、実行結果が［システム機能設計書/共通コンポーネント設計書の記載通り］であること。,エラーパターン数,
Send-18,送信処理,電文編集,フォーマット定義,文字コード,送信した電文の文字コードが［外部インターフェース設計書/サブシステムインターフェース設計書の記載通り］であること。,電文種類数,
Send-19,送信処理,電文編集,フォーマット定義,区切り文字,送信した電文の区切り文字が［外部インターフェース設計書/サブシステムインターフェース設計書の記載通り］であること。,電文種類数,
Send-20,送信処理,電文編集,フォーマット定義,レコード構成,送信した電文がマルチレイアウトの場合、レコード構成が［外部インターフェース設計書/サブシステムインターフェース設計書の記載通り］であること。,電文種類数,
Send-21,送信処理,電文編集,フォーマット定義,ソート順,送信した電文の項目並び順が［外部インターフェース設計書/サブシステムインターフェース設計書の記載通り］であること。,電文種類数,
Send-22,送信処理,電文編集,出力内容,-,送信した電文に含まれる項目の値が、取得元と同値であること。,送信項目数,
Send-23,送信処理,電文編集,出力内容,-,デフォルト値を送信する項目の場合、デフォルト値が送信されること。,デフォルト値送信項目数,
Send-24,送信処理,電文編集,出力内容,編集仕様,取得した値を変換する設計となっている場合、送信された値が［システム機能設計書/共通コンポーネント設計書の記載通り］であること。,変換パターン数,・コードの変換、トリム処理、文字列の一部を取得する処理などを検証する。
Send-25,送信処理,電文編集,出力内容,編集仕様,取得した値を編集する処理が分岐する設計となっている場合、送信された値が［システム機能設計書/共通コンポーネント設計書の記載通り］であること。,分岐パターン数,・分岐条件を網羅する。
Send-26,送信処理,電文編集,出力内容,編集仕様,ループ処理によって、取得した値の編集を繰り返す設計となっている場合、送信された値が［システム機能設計書/共通コンポーネント設計書の記載通り］であること。,繰り返しパターン数,"・繰り返しの回数に応じた観点も含める。
・1つの値に対して繰り返し処理する場合も検証する。
・取得データが複数件あり、その件数分の処理を繰り返す場合も検証する。"
Send-27,送信処理,電文編集,出力内容,編集仕様,取得した値を使用して計算する設計となっている場合、送信された値が［システム機能設計書/共通コンポーネント設計書の記載通り］であること。,計算パターン数,・桁あふれなども観点に含める。
Send-28,送信処理,電文編集,出力内容,編集仕様,取得した値を連結する設計となっている場合、送信された値が［システム機能設計書/共通コンポーネント設計書の記載通り］であること。,連結パターン数,・例：メールアドレス、電話番号
Send-29,送信処理,電文編集,出力内容,編集仕様,取得した値を暗号化する設計となっている場合、送信された値が暗号化されること。,暗号化項目数,
Send-30,送信処理,電文編集,出力内容,編集仕様,取得した値をマスキングする設計となっている場合、送信された値がマスキングされること。,マスキング項目数,
Send-31,送信処理,電文編集,出力内容,編集仕様,取得した値に改行、タブ、メタキャラクタが含まれる場合、送信された値がエンコーディング、サニタイジングされること。,エンコーディング/サニタイジング項目数,"・メタキャラクタ例： 「""」「&」「<」「>」「'」「\」"
Send-32,送信処理,電文編集,出力内容,編集仕様,取得した値をパディングする設計となっている場合、送信された値が［システム機能設計書/共通コンポーネント設計書の記載通り］であること。,パディング項目数,
Send-33,送信処理,電文編集,出力内容,編集仕様,取得した値をパディングする設計となっている場合、送信された値のパディング位置が［システム機能設計書/共通コンポーネント設計書の記載通り］であること。,パディング項目数,
Send-34,送信処理,電文編集,出力内容,編集仕様,取得した数値が小数点以下を含む場合、送信された小数点以下の数値が［システム機能設計書/共通コンポーネント設計書の記載通り］であること。,数値項目数,
Send-35,送信処理,電文編集,出力内容,桁数,送信項目の値が最大長の場合、エラーとならないこと。,送信項目数,
Send-36,送信処理,電文編集,出力内容,桁数,送信項目の値が最小長の場合、エラーとならないこと。,送信項目数,
Send-37,送信処理,電文編集,出力内容,桁数,送信項目の値が存在しない場合、［システム機能設計書/共通コンポーネント設計書の記載通りの挙動］となること。,送信項目数,
Send-38,送信処理,電文編集,出力内容,桁数,送信する電文の長さが最大の場合、エラーとならないこと。,電文種類数,
Send-39,送信処理,電文編集,出力内容,桁数,送信する電文の長さが最小の場合、エラーとならないこと。,電文種類数,
Send-40,送信処理,電文編集,出力内容,桁数,サロゲートペア文字を許容する設計となっている場合、サロゲートペア文字を含む電文を送信した結果がエラーとならないこと。,電文種類数,
Send-41,送信処理,電文編集,出力内容,レコード件数,期待通りの件数分、レコードが送信されること。,電文送信処理数,
Send-42,送信処理,電文編集,出力内容,レコード件数,送信するレコード件数が複数件の場合、［システム機能設計書/共通コンポーネント設計書の記載通りの挙動］となること。,電文送信処理数,
Send-43,送信処理,電文編集,出力内容,レコード件数,1本の電文に出力するレコードの最大件数が決まっている場合、最大件数分のレコードを出力した結果が［システム機能設計書/共通コンポーネント設計書の記載通り］であること。,電文送信処理数,
Send-44,送信処理,電文編集,出力内容,レコード件数,1本の電文に出力するレコードの最大件数が決まっている場合、最大件数+1件分のレコードを出力した結果が［システム機能設計書/共通コンポーネント設計書の記載通り］であること。,電文送信処理数,
Send-45,送信処理,電文編集,出力内容,レコード件数,送信するレコードが0件の場合、［システム機能設計書/共通コンポーネント設計書の記載通りの挙動］となること。,電文送信処理数,
Send-46,送信処理,電文編集,出力内容,レコード件数,送信する電文がマルチレイアウトの場合、同一レコード種類のレコードが複数件存在する時の処理が［システム機能設計書/共通コンポーネント設計書の記載通り］であること。,電文送信処理数,・複数件出力されるレコード種類を対象とする。
Send-47,送信処理,電文編集,出力内容,レコード件数,送信する電文がマルチレイアウトの場合、レコード種類のうちデータレコードにあたる件数が0件の時、［システム機能設計書/共通コンポーネント設計書の記載通りの挙動］であること。,電文送信処理数,
Send-48,送信処理,電文編集,出力内容,レコード件数,送信する電文がマルチレイアウトで、全レコード種類が含まれる場合、エラーとならないこと。,電文送信処理数,
Send-49,送信処理,電文編集,出力内容,ソート順,送信するレコードのソート順が［システム機能設計書/共通コンポーネント設計書の記載通り］であること。,電文送信処理数,
Log-1,ログ出力,ファイル操作,-,-,ログファイルの格納先が［方式設計書の記載通り］であること。,ログファイル種類数,
Log-2,ログ出力,ファイル操作,-,-,ログファイルのファイル名が［方式設計書の記載通り］であること。,ログファイル種類数,
Log-3,ログ出力,ファイル操作,-,-,ログファイルのアクセス権限が［方式設計書の記載通り］であること。,ログファイル種類数,
Log-4,ログ出力,ファイル操作,-,-,ログファイルの所有権が［方式設計書の記載通り］であること。,ログファイル種類数,
Log-5,ログ出力,ログ編集,フォーマット定義,文字コード,ログファイルの文字コードが［方式設計書の記載通り］であること。,ログファイル種類数,
Log-6,ログ出力,ログ編集,フォーマット定義,改行コード,ログファイルの改行コードが［方式設計書の記載通り］であること。,ログファイル種類数,
Log-7,ログ出力,ログ編集,フォーマット定義,区切り文字,ログファイルの区切り文字が［方式設計書の記載通り］であること。,ログファイル種類数,
Log-8,ログ出力,ログ編集,フォーマット定義,ソート順,ログファイルの項目並び順が［方式設計書の記載通り］であること。,ログ種類数,
Log-9,ログ出力,ログ編集,出力内容,編集仕様,出力された正常時のログの内容が［メッセージ設計書の記載通り］であること。,ログ種類数,
Log-10,ログ出力,ログ編集,出力内容,編集仕様,出力された異常時のログ（エラーログ）の内容が［メッセージ設計書の記載通り］であること。,ログ種類数,
Log-11,ログ出力,ログ編集,出力内容,編集仕様,取得した値を変換する設計となっている場合、出力された値が［システム機能設計書/共通コンポーネント設計書の記載通り］であること。,変換パターン数,・コードの変換、トリム処理、文字列の一部を取得する処理などを検証する。
Log-12,ログ出力,ログ編集,出力内容,編集仕様,取得した値を編集する処理が分岐する設計となっている場合、出力された値が［システム機能設計書/共通コンポーネント設計書の記載通り］であること。,分岐パターン数,・分岐条件を網羅する。
Log-13,ログ出力,ログ編集,出力内容,編集仕様,ループ処理によって、取得した値の編集を繰り返す設計となっている場合、出力された値が［システム機能設計書/共通コンポーネント設計書の記載通り］であること。,繰り返しパターン数,"・繰り返しの回数に応じた観点も含める。
・1つの値に対して繰り返し処理する場合も検証する。
・取得データが複数件あり、その件数分の処理を繰り返す場合も検証する。"
Log-14,ログ出力,ログ編集,出力内容,編集仕様,取得した値を使用して計算する設計となっている場合、出力された値が［システム機能設計書/共通コンポーネント設計書の記載通り］であること。,計算パターン数,・桁あふれなども観点に含める。
Log-15,ログ出力,ログ編集,出力内容,編集仕様,取得した値を連結する設計となっている場合、出力された値が［システム機能設計書/共通コンポーネント設計書の記載通り］であること。,連結パターン数,・例：メールアドレス、電話番号
Log-16,ログ出力,ログ編集,出力内容,編集仕様,取得した値を暗号化する設計となっている場合、出力された値が暗号化されること。,暗号化項目数,
Log-17,ログ出力,ログ編集,出力内容,編集仕様,取得した値をマスキングする設計となっている場合、出力された値がマスキングされること。,マスキング項目数,
